"rgn_id","pressure_score"
1,0.227825152483299
2,0.227825152483299
