"rgn_id","pressure_score"
1,0.377742494503336
2,0.377742494503336
