"rgn_id","pressure_score"
1,0.889183037293913
2,0.889183037293913
