"rgn_id","trend"
1,-0.0395615432297347
2,-0.0395615432297347
