"rgn_id","trend.score"
1,0.483483539497632
2,0.483483539497632
