"rgn_id","trend.score"
1,-0.0463829477365365
2,-0.0463829477365365
