"rgn_id","trend"
1,0.00240589201395298
2,0.00240589201395298
