"rgn_id","saup_id","prop_area"
1,428,0.819068909443331
2,428,0.180931090556669
