"rgn_id","resilience.score"
1,0.79811474533701
2,0.79811474533701
