"rgn_id","resilience.score"
1,0.738086059002758
2,0.738086059002758
