"rgn_id","resilience.score"
1,0.807212121212121
2,0.807212121212121
