"rgn_id","pressures.score"
1,0.0320958635766238
2,0.0320958635766238
