"rgn_id","pressure_score"
1,0.0633476068301577
2,0.0633476068301577
