"rgn_id","pressure_score"
1,0.0942614370173747
2,0.0942614370173747
