"rgn_id","pressure_score"
1,0.5283434943235
2,0.5283434943235
