"rgn_id","resilience.score"
1,0.863636363636364
2,0.863636363636364
