"rgn_id","resilience.score"
1,0.931818181818182
2,0.931818181818182
