"rgn_id","pressure_score"
1,0.0191869808057983
2,0.0861570191942017
