"rgn_id","score"
1,0.628571428571429
2,0.628571428571429
