"rgn_id","resilience.score"
1,0.121655744062
2,0.121655744062
