"rgn_id","resilience.score"
1,0.517341547610892
2,0.517341547610892
