"rgn_id","product","weight"
1,"fish_oil",0.64334085778781
2,"fish_oil",0.64334085778781
1,"seaweeds",0.35665914221219
2,"seaweeds",0.35665914221219
