"rgn_id","pressure_score"
1,0.234891287479289
2,0.234891287479289
