"rgn_id","pressure_score"
1,0.138429143617061
2,0.138429143617061
