"rgn_id","pressure_score"
1,0.0785805811233024
2,0.0785805811233024
