"rgn_id","pressure_score"
1,0.511926518313786
2,0.511926518313786
