"rgn_id","pressures.score"
1,0.008239791230067
2,0.008239791230067
