"rgn_id","score"
1,0.913618480339863
2,0.913618480339863
