"rgn_id","score"
1,-0.0706744646632271
2,-0.0706744646632271
