"rgn_id","score"
1,0.898301318962345
2,0.898301318962345
