"rgn_id","score"
1,0.36930393126142
2,0.36930393126142
