"rgn_id","resilience.score"
1,0.5555555555555
2,0.5555555555555
