"rgn_id","score"
1,0.63069606873858
2,0.63069606873858
